{
    "Student_consent_for_Trainning_Institute": {
        "CC": 545,
        "CPLC": 71,
        "TIME": 123
    },
    "Test_score": {
        "Aptitude": 58.64379722154521,
        "Technical": 57.54460177790923
    }
}